MAC,MAC ADDRESS
Smart Things,d0:52:a8:00:67:5e 
Amzon Echo,44:65:0d:56:cc:d3 
Netatmo Welcome    ,70:ee:50:18:34:43 
TP-Link Day Night Cloud camera   ,f4:f2:6d:93:51:f1 
Samsung SmartCam    ,00:16:6c:ab:6b:88 
Dropcam     ,30:8c:fb:2f:e4:b2 
Insteon Camera     ,00:62:6e:51:27:2e 
Withings Smart Baby Monitor   ,00:24:e4:11:18:a8 
Belkin Wemo switch ,ec:1a:59:79:f4:89 
TP-Link Smart plug    ,50:c7:bf:00:56:39 
Belkin wemo motion sensor   ,ec:1a:59:83:28:11 
NEST Protect smoke alarm   ,18:b4:30:25:be:e4 
Netatmo weather station   ,70:ee:50:03:b8:ac 
Withings Smart scale    ,00:24:e4:1b:6f:96 
Blipcare Blood Pressure meter   ,74:6a:89:00:2e:25 
Light Bulbs LiFX Smart Bulb   ,d0:73:d5:01:83:08 
Triby Speaker     ,18:b7:9e:02:20:44 
PIX-STAR Photo-frame    ,e0:76:d0:33:bb:85 
