TCP_label,frame.number,frame.time,frame.len,frame.protocols,frame.cap_len,zbee_nwk.src,zbee_nwk.dst,cluster,zbee_aps.profile,zbee_zcl,command type,protocol,zbee_nwk.src64,Sensor
Smart Things,1,2016-09-22 17:00:02,260,ZCL OnOff: On or Off,64,0x00000001,0x00000006,0x00000006,260,"{'Frame Control Field: Cluster-specific (0x11)': {'zbee_zcl.type': '0x00000001', 'zbee_zcl.ms': '0', 'zbee_zcl.dir': '0', 'zbee_zcl.ddr': '1'}, 'zbee_zcl.cmd.tsn': '5', 'zbee_zcl_general.onoff.cmd.srv_rx.id': '0x00000001'}",Switch ON,ZCL OnOff: On or Off,EC1BBDFFFE30DC61,light 1
Smart Things,2,2016-09-22 17:04:04,260,ZCL OnOff: On or Off,64,0x00000001,0x00000003,0x00000006,260,"{'Frame Control Field: Cluster-specific (0x11)': {'zbee_zcl.type': '0x00000001', 'zbee_zcl.ms': '0', 'zbee_zcl.dir': '0', 'zbee_zcl.ddr': '1'}, 'zbee_zcl.cmd.tsn': '8', 'zbee_zcl_general.onoff.cmd.srv_rx.id': '0x00000040', 'Payload': {'zbee_zcl_general.onoff.effect_identifier': '0', 'zbee_zcl_general.onoff.effect_variant': '0'}}",Switch OFF,ZCL OnOff: On or Off,EC1BBDFFFE30DC61,light 2
Smart Things,3,2016-09-22 17:06:12,260,ZCL OnOff: On or Off,64,0x00000001,0x00000003,0x00000006,260,"{'Frame Control Field: Cluster-specific (0x11)': {'zbee_zcl.type': '0x00000001', 'zbee_zcl.ms': '0', 'zbee_zcl.dir': '0', 'zbee_zcl.ddr': '1'}, 'zbee_zcl.cmd.tsn': '5', 'zbee_zcl_general.onoff.cmd.srv_rx.id': '0x00000001'}",Switch ON,ZCL OnOff: On or Off,EC1BBDFFFE30DC61,light 2
Smart Things,4,2016-09-22 17:18:00,260,ZCL OnOff: On or Off,64,0x00000001,0x00000003,0x00000006,260,"{'Frame Control Field: Cluster-specific (0x11)': {'zbee_zcl.type': '0x00000001', 'zbee_zcl.ms': '0', 'zbee_zcl.dir': '0', 'zbee_zcl.ddr': '1'}, 'zbee_zcl.cmd.tsn': '8', 'zbee_zcl_general.onoff.cmd.srv_rx.id': '0x00000040', 'Payload': {'zbee_zcl_general.onoff.effect_identifier': '0', 'zbee_zcl_general.onoff.effect_variant': '0'}}",Switch OFF,ZCL OnOff: On or Off,EC1BBDFFFE30DC61,light 2
Smart Things,5,2016-09-22 17:22:13,260,ZCL OnOff: On or Off,64,0x00000001,0x00000006,0x00000006,260,"{'Frame Control Field: Cluster-specific (0x11)': {'zbee_zcl.type': '0x00000001', 'zbee_zcl.ms': '0', 'zbee_zcl.dir': '0', 'zbee_zcl.ddr': '1'}, 'zbee_zcl.cmd.tsn': '8', 'zbee_zcl_general.onoff.cmd.srv_rx.id': '0x00000040', 'Payload': {'zbee_zcl_general.onoff.effect_identifier': '0', 'zbee_zcl_general.onoff.effect_variant': '0'}}",Switch OFF,ZCL OnOff: On or Off,EC1BBDFFFE30DC61,light 1
Smart Things,6,2016-09-22 17:32:08,260,ZCL OnOff: On or Off,64,0x00000001,0x00000003,0x00000006,260,"{'Frame Control Field: Cluster-specific (0x11)': {'zbee_zcl.type': '0x00000001', 'zbee_zcl.ms': '0', 'zbee_zcl.dir': '0', 'zbee_zcl.ddr': '1'}, 'zbee_zcl.cmd.tsn': '5', 'zbee_zcl_general.onoff.cmd.srv_rx.id': '0x00000001'}",Switch ON,ZCL OnOff: On or Off,EC1BBDFFFE30DC61,light 2
Smart Things,7,2016-09-22 17:34:12,260,ZCL OnOff: On or Off,64,0x00000001,0x00000003,0x00000006,260,"{'Frame Control Field: Cluster-specific (0x11)': {'zbee_zcl.type': '0x00000001', 'zbee_zcl.ms': '0', 'zbee_zcl.dir': '0', 'zbee_zcl.ddr': '1'}, 'zbee_zcl.cmd.tsn': '8', 'zbee_zcl_general.onoff.cmd.srv_rx.id': '0x00000040', 'Payload': {'zbee_zcl_general.onoff.effect_identifier': '0', 'zbee_zcl_general.onoff.effect_variant': '0'}}",Switch OFF,ZCL OnOff: On or Off,EC1BBDFFFE30DC61,light 2
Smart Things,8,2016-09-22 17:38:03,260,ZCL OnOff: On or Off,64,0x00000001,0x00000003,0x00000006,260,"{'Frame Control Field: Cluster-specific (0x11)': {'zbee_zcl.type': '0x00000001', 'zbee_zcl.ms': '0', 'zbee_zcl.dir': '0', 'zbee_zcl.ddr': '1'}, 'zbee_zcl.cmd.tsn': '5', 'zbee_zcl_general.onoff.cmd.srv_rx.id': '0x00000001'}",Switch ON,ZCL OnOff: On or Off,EC1BBDFFFE30DC61,light 2
Smart Things,9,2016-09-22 17:39:58,260,ZCL OnOff: On or Off,64,0x00000001,0x00000006,0x00000006,260,"{'Frame Control Field: Cluster-specific (0x11)': {'zbee_zcl.type': '0x00000001', 'zbee_zcl.ms': '0', 'zbee_zcl.dir': '0', 'zbee_zcl.ddr': '1'}, 'zbee_zcl.cmd.tsn': '5', 'zbee_zcl_general.onoff.cmd.srv_rx.id': '0x00000001'}",Switch ON,ZCL OnOff: On or Off,EC1BBDFFFE30DC61,light 1
Smart Things,10,2016-09-22 17:47:34,260,ZCL OnOff: On or Off,64,0x00000001,0x00000006,0x00000006,260,"{'Frame Control Field: Cluster-specific (0x11)': {'zbee_zcl.type': '0x00000001', 'zbee_zcl.ms': '0', 'zbee_zcl.dir': '0', 'zbee_zcl.ddr': '1'}, 'zbee_zcl.cmd.tsn': '8', 'zbee_zcl_general.onoff.cmd.srv_rx.id': '0x00000040', 'Payload': {'zbee_zcl_general.onoff.effect_identifier': '0', 'zbee_zcl_general.onoff.effect_variant': '0'}}",Switch OFF,ZCL OnOff: On or Off,EC1BBDFFFE30DC61,light 1
Smart Things,11,2016-09-22 17:49:35,260,ZCL OnOff: On or Off,64,0x00000001,0x00000003,0x00000006,260,"{'Frame Control Field: Cluster-specific (0x11)': {'zbee_zcl.type': '0x00000001', 'zbee_zcl.ms': '0', 'zbee_zcl.dir': '0', 'zbee_zcl.ddr': '1'}, 'zbee_zcl.cmd.tsn': '8', 'zbee_zcl_general.onoff.cmd.srv_rx.id': '0x00000040', 'Payload': {'zbee_zcl_general.onoff.effect_identifier': '0', 'zbee_zcl_general.onoff.effect_variant': '0'}}",Switch OFF,ZCL OnOff: On or Off,EC1BBDFFFE30DC61,light 2
Smart Things,12,2016-09-22 17:55:32,260,ZCL OnOff: On or Off,64,0x00000001,0x00000003,0x00000006,260,"{'Frame Control Field: Cluster-specific (0x11)': {'zbee_zcl.type': '0x00000001', 'zbee_zcl.ms': '0', 'zbee_zcl.dir': '0', 'zbee_zcl.ddr': '1'}, 'zbee_zcl.cmd.tsn': '5', 'zbee_zcl_general.onoff.cmd.srv_rx.id': '0x00000001'}",Switch ON,ZCL OnOff: On or Off,EC1BBDFFFE30DC61,light 2
Smart Things,13,2016-09-22 18:01:11,260,ZCL OnOff: On or Off,64,0x00000001,0x00000006,0x00000006,260,"{'Frame Control Field: Cluster-specific (0x11)': {'zbee_zcl.type': '0x00000001', 'zbee_zcl.ms': '0', 'zbee_zcl.dir': '0', 'zbee_zcl.ddr': '1'}, 'zbee_zcl.cmd.tsn': '5', 'zbee_zcl_general.onoff.cmd.srv_rx.id': '0x00000001'}",Switch ON,ZCL OnOff: On or Off,EC1BBDFFFE30DC61,light 1
Smart Things,14,2016-09-22 18:07:37,260,ZCL OnOff: On or Off,64,0x00000001,0x00000006,0x00000006,260,"{'Frame Control Field: Cluster-specific (0x11)': {'zbee_zcl.type': '0x00000001', 'zbee_zcl.ms': '0', 'zbee_zcl.dir': '0', 'zbee_zcl.ddr': '1'}, 'zbee_zcl.cmd.tsn': '8', 'zbee_zcl_general.onoff.cmd.srv_rx.id': '0x00000040', 'Payload': {'zbee_zcl_general.onoff.effect_identifier': '0', 'zbee_zcl_general.onoff.effect_variant': '0'}}",Switch OFF,ZCL OnOff: On or Off,EC1BBDFFFE30DC61,light 1
Smart Things,15,2016-09-22 18:13:35,260,ZCL OnOff: On or Off,64,0x00000001,0x00000003,0x00000006,260,"{'Frame Control Field: Cluster-specific (0x11)': {'zbee_zcl.type': '0x00000001', 'zbee_zcl.ms': '0', 'zbee_zcl.dir': '0', 'zbee_zcl.ddr': '1'}, 'zbee_zcl.cmd.tsn': '8', 'zbee_zcl_general.onoff.cmd.srv_rx.id': '0x00000040', 'Payload': {'zbee_zcl_general.onoff.effect_identifier': '0', 'zbee_zcl_general.onoff.effect_variant': '0'}}",Switch OFF,ZCL OnOff: On or Off,EC1BBDFFFE30DC61,light 2
Smart Things,16,2016-09-22 18:19:12,260,ZCL OnOff: On or Off,64,0x00000001,0x00000003,0x00000006,260,"{'Frame Control Field: Cluster-specific (0x11)': {'zbee_zcl.type': '0x00000001', 'zbee_zcl.ms': '0', 'zbee_zcl.dir': '0', 'zbee_zcl.ddr': '1'}, 'zbee_zcl.cmd.tsn': '5', 'zbee_zcl_general.onoff.cmd.srv_rx.id': '0x00000001'}",Switch ON,ZCL OnOff: On or Off,EC1BBDFFFE30DC61,light 2
Smart Things,17,2016-09-22 18:24:57,260,ZCL OnOff: On or Off,64,0x00000001,0x00000006,0x00000006,260,"{'Frame Control Field: Cluster-specific (0x11)': {'zbee_zcl.type': '0x00000001', 'zbee_zcl.ms': '0', 'zbee_zcl.dir': '0', 'zbee_zcl.ddr': '1'}, 'zbee_zcl.cmd.tsn': '5', 'zbee_zcl_general.onoff.cmd.srv_rx.id': '0x00000001'}",Switch ON,ZCL OnOff: On or Off,EC1BBDFFFE30DC61,light 1
Smart Things,18,2016-09-22 18:31:18,260,ZCL OnOff: On or Off,64,0x00000001,0x00000003,0x00000006,260,"{'Frame Control Field: Cluster-specific (0x11)': {'zbee_zcl.type': '0x00000001', 'zbee_zcl.ms': '0', 'zbee_zcl.dir': '0', 'zbee_zcl.ddr': '1'}, 'zbee_zcl.cmd.tsn': '8', 'zbee_zcl_general.onoff.cmd.srv_rx.id': '0x00000040', 'Payload': {'zbee_zcl_general.onoff.effect_identifier': '0', 'zbee_zcl_general.onoff.effect_variant': '0'}}",Switch OFF,ZCL OnOff: On or Off,EC1BBDFFFE30DC61,light 2
Smart Things,19,2016-09-22 18:35:48,260,ZCL OnOff: On or Off,64,0x00000001,0x00000003,0x00000006,260,"{'Frame Control Field: Cluster-specific (0x11)': {'zbee_zcl.type': '0x00000001', 'zbee_zcl.ms': '0', 'zbee_zcl.dir': '0', 'zbee_zcl.ddr': '1'}, 'zbee_zcl.cmd.tsn': '5', 'zbee_zcl_general.onoff.cmd.srv_rx.id': '0x00000001'}",Switch ON,ZCL OnOff: On or Off,EC1BBDFFFE30DC61,light 2
Smart Things,20,2016-09-22 18:41:28,260,ZCL OnOff: On or Off,64,0x00000001,0x00000006,0x00000006,260,"{'Frame Control Field: Cluster-specific (0x11)': {'zbee_zcl.type': '0x00000001', 'zbee_zcl.ms': '0', 'zbee_zcl.dir': '0', 'zbee_zcl.ddr': '1'}, 'zbee_zcl.cmd.tsn': '8', 'zbee_zcl_general.onoff.cmd.srv_rx.id': '0x00000040', 'Payload': {'zbee_zcl_general.onoff.effect_identifier': '0', 'zbee_zcl_general.onoff.effect_variant': '0'}}",Switch OFF,ZCL OnOff: On or Off,EC1BBDFFFE30DC61,light 1
